"scenario","replicate","B","seed","status","message","warnings","n_boot_attempted","n_boot_used","n_boot_nonconv","n_boot_errors","same_data_max_error","imposed_count_max_error","min_intervals","max_intervals","total","chisq_marginal","chisq_familywise","fit_resid_marginal","fit_resid_familywise","infit_z_marginal","infit_z_familywise","outfit_z_marginal","outfit_z_familywise","script","script_md5","package_sha","r_tree_md5","executed","harness_md5","algorithm"
"linked booklets",1,600,6000001,"ok","","",600,600,0,0,0,7.98393926376513,3,7,0,0,0,0.0666666666666667,0,0.0666666666666667,0,0.0666666666666667,0,"tools/simval/studies/item-fit-bootstrap-intervals.R","32d2bfbfbfc0dbc7485be9255020087a","git:86ddf2c+dirty","c0c325bc7d42","2026-09-07","6302a64bcdb25080c037697186a418d8","loo-maxt-2"
"linked booklets",2,600,6000002,"ok","","",600,600,0,0,0,7.62937027069692,3,7,0,0,0,0,0,0.0666666666666667,0,0,0,"tools/simval/studies/item-fit-bootstrap-intervals.R","32d2bfbfbfc0dbc7485be9255020087a","git:86ddf2c+dirty","c0c325bc7d42","2026-09-07","6302a64bcdb25080c037697186a418d8","loo-maxt-2"
"linked booklets",3,600,6000003,"ok","","",600,600,0,0,0,7.40725152122019,3,7,0,0.0666666666666667,0,0.133333333333333,0,0.0666666666666667,0,0.133333333333333,0,"tools/simval/studies/item-fit-bootstrap-intervals.R","32d2bfbfbfc0dbc7485be9255020087a","git:86ddf2c+dirty","c0c325bc7d42","2026-09-07","6302a64bcdb25080c037697186a418d8","loo-maxt-2"
"linked booklets",4,600,6000004,"ok","","",600,600,0,0,0,9.61128700488734,3,7,0,0.0666666666666667,0,0,0,0.0666666666666667,0,0,0,"tools/simval/studies/item-fit-bootstrap-intervals.R","32d2bfbfbfc0dbc7485be9255020087a","git:86ddf2c+dirty","c0c325bc7d42","2026-09-07","6302a64bcdb25080c037697186a418d8","loo-maxt-2"
"linked booklets",5,600,6000005,"ok","","",600,600,0,0,0,4.33356090419182,3,7,0,0.0666666666666667,0,0.0666666666666667,0,0,0,0.0666666666666667,0,"tools/simval/studies/item-fit-bootstrap-intervals.R","32d2bfbfbfc0dbc7485be9255020087a","git:86ddf2c+dirty","c0c325bc7d42","2026-09-07","6302a64bcdb25080c037697186a418d8","loo-maxt-2"
"linked booklets",6,600,6000006,"ok","","",600,600,0,0,0,5.67563385951969,3,7,0,0,0,0.0666666666666667,0,0.0666666666666667,0,0.0666666666666667,0,"tools/simval/studies/item-fit-bootstrap-intervals.R","32d2bfbfbfc0dbc7485be9255020087a","git:86ddf2c+dirty","c0c325bc7d42","2026-09-07","6302a64bcdb25080c037697186a418d8","loo-maxt-2"
"linked booklets",7,600,6000007,"ok","","",600,600,0,0,0,9.40421041507664,3,7,0,0,0,0,0,0.0666666666666667,0,0,0,"tools/simval/studies/item-fit-bootstrap-intervals.R","32d2bfbfbfc0dbc7485be9255020087a","git:86ddf2c+dirty","c0c325bc7d42","2026-09-07","6302a64bcdb25080c037697186a418d8","loo-maxt-2"
"linked booklets",8,600,6000008,"ok","","",600,600,0,0,0,4.06667328158863,3,7,0,0,0,0,0,0,0,0,0,"tools/simval/studies/item-fit-bootstrap-intervals.R","32d2bfbfbfc0dbc7485be9255020087a","git:86ddf2c+dirty","c0c325bc7d42","2026-09-07","6302a64bcdb25080c037697186a418d8","loo-maxt-2"
"linked booklets",9,600,6000009,"ok","","",600,600,0,0,0,9.1178872421712,3,7,0,0.0666666666666667,0,0.133333333333333,0,0.133333333333333,0,0.133333333333333,0,"tools/simval/studies/item-fit-bootstrap-intervals.R","32d2bfbfbfc0dbc7485be9255020087a","git:86ddf2c+dirty","c0c325bc7d42","2026-09-07","6302a64bcdb25080c037697186a418d8","loo-maxt-2"
"linked booklets",10,600,6000010,"ok","","",600,600,0,0,0,5.14763160879376,3,7,0,0.0666666666666667,0,0.0666666666666667,0,0,0,0.0666666666666667,0,"tools/simval/studies/item-fit-bootstrap-intervals.R","32d2bfbfbfc0dbc7485be9255020087a","git:86ddf2c+dirty","c0c325bc7d42","2026-09-07","6302a64bcdb25080c037697186a418d8","loo-maxt-2"
"linked booklets",11,600,6000011,"ok","","",600,600,0,0,0,7.6463517760267,3,7,0,0.0666666666666667,0,0,0,0.0666666666666667,0,0,0,"tools/simval/studies/item-fit-bootstrap-intervals.R","32d2bfbfbfc0dbc7485be9255020087a","git:86ddf2c+dirty","c0c325bc7d42","2026-09-07","6302a64bcdb25080c037697186a418d8","loo-maxt-2"
"linked booklets",12,600,6000012,"ok","","",600,600,0,0,0,10.9925796466442,3,7,0,0.0666666666666667,0,0,0,0,0,0,0,"tools/simval/studies/item-fit-bootstrap-intervals.R","32d2bfbfbfc0dbc7485be9255020087a","git:86ddf2c+dirty","c0c325bc7d42","2026-09-07","6302a64bcdb25080c037697186a418d8","loo-maxt-2"
"linked booklets",13,600,6000013,"ok","","",600,600,0,0,0,9.47844068220267,3,7,0,0.0666666666666667,0,0,0,0,0,0,0,"tools/simval/studies/item-fit-bootstrap-intervals.R","32d2bfbfbfc0dbc7485be9255020087a","git:86ddf2c+dirty","c0c325bc7d42","2026-09-07","6302a64bcdb25080c037697186a418d8","loo-maxt-2"
"linked booklets",14,600,6000014,"ok","","",600,600,0,0,0,10.2673123507905,3,7,0,0.0666666666666667,0,0,0,0.0666666666666667,0,0,0,"tools/simval/studies/item-fit-bootstrap-intervals.R","32d2bfbfbfc0dbc7485be9255020087a","git:86ddf2c+dirty","c0c325bc7d42","2026-09-07","6302a64bcdb25080c037697186a418d8","loo-maxt-2"
"linked booklets",15,600,6000015,"ok","","",600,600,0,0,0,12.0919699737212,3,7,0,0.0666666666666667,0,0.0666666666666667,0,0.133333333333333,0,0.0666666666666667,0,"tools/simval/studies/item-fit-bootstrap-intervals.R","32d2bfbfbfc0dbc7485be9255020087a","git:86ddf2c+dirty","c0c325bc7d42","2026-09-07","6302a64bcdb25080c037697186a418d8","loo-maxt-2"
"linked booklets",16,600,6000016,"ok","","",600,600,0,0,0,5.52905823134764,3,7,0,0.0666666666666667,0,0.0666666666666667,0,0,0,0.0666666666666667,0,"tools/simval/studies/item-fit-bootstrap-intervals.R","32d2bfbfbfc0dbc7485be9255020087a","git:86ddf2c+dirty","c0c325bc7d42","2026-09-07","6302a64bcdb25080c037697186a418d8","loo-maxt-2"
"linked booklets",17,600,6000017,"ok","","",600,600,0,0,0,5.86981788898044,3,7,0,0.0666666666666667,0,0.0666666666666667,0,0.2,0,0.0666666666666667,0,"tools/simval/studies/item-fit-bootstrap-intervals.R","32d2bfbfbfc0dbc7485be9255020087a","git:86ddf2c+dirty","c0c325bc7d42","2026-09-07","6302a64bcdb25080c037697186a418d8","loo-maxt-2"
"linked booklets",18,600,6000018,"ok","","",600,600,0,0,0,11.3795316184463,3,7,0,0,0,0,0,0,0,0,0,"tools/simval/studies/item-fit-bootstrap-intervals.R","32d2bfbfbfc0dbc7485be9255020087a","git:86ddf2c+dirty","c0c325bc7d42","2026-09-07","6302a64bcdb25080c037697186a418d8","loo-maxt-2"
"linked booklets",19,600,6000019,"ok","","",600,600,0,0,0,10.0433312047855,3,7,0,0,0,0.2,0,0.133333333333333,0,0.2,0,"tools/simval/studies/item-fit-bootstrap-intervals.R","32d2bfbfbfc0dbc7485be9255020087a","git:86ddf2c+dirty","c0c325bc7d42","2026-09-07","6302a64bcdb25080c037697186a418d8","loo-maxt-2"
"linked booklets",20,600,6000020,"ok","","",600,600,0,0,0,9.88037269786055,3,7,0,0.2,0,0.2,0,0.0666666666666667,0,0.2,0,"tools/simval/studies/item-fit-bootstrap-intervals.R","32d2bfbfbfc0dbc7485be9255020087a","git:86ddf2c+dirty","c0c325bc7d42","2026-09-07","6302a64bcdb25080c037697186a418d8","loo-maxt-2"
"linked booklets",21,600,6000021,"ok","","",600,600,0,0,0,5.37095502086987,3,7,0,0,0,0,0,0,0,0,0,"tools/simval/studies/item-fit-bootstrap-intervals.R","32d2bfbfbfc0dbc7485be9255020087a","git:86ddf2c+dirty","c0c325bc7d42","2026-09-07","6302a64bcdb25080c037697186a418d8","loo-maxt-2"
"linked booklets",22,600,6000022,"ok","","",600,600,0,0,0,8.94325759233711,3,7,0,0.0666666666666667,0,0.133333333333333,0,0.0666666666666667,0,0.133333333333333,0,"tools/simval/studies/item-fit-bootstrap-intervals.R","32d2bfbfbfc0dbc7485be9255020087a","git:86ddf2c+dirty","c0c325bc7d42","2026-09-07","6302a64bcdb25080c037697186a418d8","loo-maxt-2"
"linked booklets",23,600,6000023,"ok","","",600,600,0,0,0,8.3890180064706,3,7,0,0,0,0.2,0,0,0,0.2,0,"tools/simval/studies/item-fit-bootstrap-intervals.R","32d2bfbfbfc0dbc7485be9255020087a","git:86ddf2c+dirty","c0c325bc7d42","2026-09-07","6302a64bcdb25080c037697186a418d8","loo-maxt-2"
"linked booklets",24,600,6000024,"ok","","",600,600,0,0,0,5.55968923765803,3,7,0,0,0,0.133333333333333,0,0.0666666666666667,0,0.133333333333333,0,"tools/simval/studies/item-fit-bootstrap-intervals.R","32d2bfbfbfc0dbc7485be9255020087a","git:86ddf2c+dirty","c0c325bc7d42","2026-09-07","6302a64bcdb25080c037697186a418d8","loo-maxt-2"
"linked booklets",25,600,6000025,"ok","","",600,600,0,0,0,5.74629660561026,3,7,0,0,0,0.0666666666666667,0,0.0666666666666667,0,0.0666666666666667,0,"tools/simval/studies/item-fit-bootstrap-intervals.R","32d2bfbfbfc0dbc7485be9255020087a","git:86ddf2c+dirty","c0c325bc7d42","2026-09-07","6302a64bcdb25080c037697186a418d8","loo-maxt-2"
"linked booklets",26,600,6000026,"ok","","",600,600,0,0,0,6.2062242181545,3,7,0,0.0666666666666667,0,0.0666666666666667,0,0.0666666666666667,0,0.0666666666666667,0,"tools/simval/studies/item-fit-bootstrap-intervals.R","32d2bfbfbfc0dbc7485be9255020087a","git:86ddf2c+dirty","c0c325bc7d42","2026-09-07","6302a64bcdb25080c037697186a418d8","loo-maxt-2"
"linked booklets",27,600,6000027,"ok","","",600,600,0,0,0,7.23467799312925,3,7,0,0,0,0.0666666666666667,0,0,0,0.0666666666666667,0,"tools/simval/studies/item-fit-bootstrap-intervals.R","32d2bfbfbfc0dbc7485be9255020087a","git:86ddf2c+dirty","c0c325bc7d42","2026-09-07","6302a64bcdb25080c037697186a418d8","loo-maxt-2"
"linked booklets",28,600,6000028,"ok","","",600,600,0,0,0,8.26357456516975,3,7,0,0,0,0,0,0,0,0,0,"tools/simval/studies/item-fit-bootstrap-intervals.R","32d2bfbfbfc0dbc7485be9255020087a","git:86ddf2c+dirty","c0c325bc7d42","2026-09-07","6302a64bcdb25080c037697186a418d8","loo-maxt-2"
"linked booklets",29,600,6000029,"ok","","",600,600,0,0,0,6.64415345505463,3,7,0,0.0666666666666667,0,0,0,0,0,0,0,"tools/simval/studies/item-fit-bootstrap-intervals.R","32d2bfbfbfc0dbc7485be9255020087a","git:86ddf2c+dirty","c0c325bc7d42","2026-09-07","6302a64bcdb25080c037697186a418d8","loo-maxt-2"
"linked booklets",30,600,6000030,"ok","","",600,600,0,0,0,8.44253814714623,3,7,0,0.2,1,0.0666666666666667,0,0.133333333333333,0,0.0666666666666667,0,"tools/simval/studies/item-fit-bootstrap-intervals.R","32d2bfbfbfc0dbc7485be9255020087a","git:86ddf2c+dirty","c0c325bc7d42","2026-09-07","6302a64bcdb25080c037697186a418d8","loo-maxt-2"
"linked booklets",31,600,6000031,"ok","","",600,600,0,0,0,9.46901484333431,3,7,0,0,0,0.2,0,0.133333333333333,0,0.2,0,"tools/simval/studies/item-fit-bootstrap-intervals.R","32d2bfbfbfc0dbc7485be9255020087a","git:86ddf2c+dirty","c0c325bc7d42","2026-09-07","6302a64bcdb25080c037697186a418d8","loo-maxt-2"
"linked booklets",32,600,6000032,"ok","","",600,600,0,0,0,4.8818969538287,3,7,0,0,0,0.133333333333333,1,0.0666666666666667,1,0.133333333333333,1,"tools/simval/studies/item-fit-bootstrap-intervals.R","32d2bfbfbfc0dbc7485be9255020087a","git:86ddf2c+dirty","c0c325bc7d42","2026-09-07","6302a64bcdb25080c037697186a418d8","loo-maxt-2"
"linked booklets",33,600,6000033,"ok","","",600,600,0,0,0,6.02361289820046,3,7,0,0.0666666666666667,0,0,0,0.0666666666666667,0,0,0,"tools/simval/studies/item-fit-bootstrap-intervals.R","32d2bfbfbfc0dbc7485be9255020087a","git:86ddf2c+dirty","c0c325bc7d42","2026-09-07","6302a64bcdb25080c037697186a418d8","loo-maxt-2"
"linked booklets",34,600,6000034,"ok","","",600,600,0,0,0,5.71524140300361,3,7,0,0.0666666666666667,0,0.0666666666666667,0,0.0666666666666667,0,0.0666666666666667,0,"tools/simval/studies/item-fit-bootstrap-intervals.R","32d2bfbfbfc0dbc7485be9255020087a","git:86ddf2c+dirty","c0c325bc7d42","2026-09-07","6302a64bcdb25080c037697186a418d8","loo-maxt-2"
"linked booklets",35,600,6000035,"ok","","",600,600,0,0,0,11.2967339612373,3,7,0,0.133333333333333,0,0.0666666666666667,0,0.0666666666666667,0,0.0666666666666667,0,"tools/simval/studies/item-fit-bootstrap-intervals.R","32d2bfbfbfc0dbc7485be9255020087a","git:86ddf2c+dirty","c0c325bc7d42","2026-09-07","6302a64bcdb25080c037697186a418d8","loo-maxt-2"
"linked booklets",36,600,6000036,"ok","","",600,600,0,0,0,7.31297613081677,3,7,0,0,0,0,0,0,0,0,0,"tools/simval/studies/item-fit-bootstrap-intervals.R","32d2bfbfbfc0dbc7485be9255020087a","git:86ddf2c+dirty","c0c325bc7d42","2026-09-07","6302a64bcdb25080c037697186a418d8","loo-maxt-2"
"linked booklets",37,600,6000037,"ok","","",600,600,0,0,0,8.93707563980872,3,7,0,0.0666666666666667,0,0.0666666666666667,0,0.2,0,0.0666666666666667,0,"tools/simval/studies/item-fit-bootstrap-intervals.R","32d2bfbfbfc0dbc7485be9255020087a","git:86ddf2c+dirty","c0c325bc7d42","2026-09-07","6302a64bcdb25080c037697186a418d8","loo-maxt-2"
"linked booklets",38,600,6000038,"ok","","",600,600,0,0,0,4.41635839621422,3,7,0,0,0,0,0,0,0,0,0,"tools/simval/studies/item-fit-bootstrap-intervals.R","32d2bfbfbfc0dbc7485be9255020087a","git:86ddf2c+dirty","c0c325bc7d42","2026-09-07","6302a64bcdb25080c037697186a418d8","loo-maxt-2"
"linked booklets",39,600,6000039,"ok","","",600,600,0,0,0,7.88772163725832,3,7,0,0.0666666666666667,0,0.2,0,0.133333333333333,1,0.2,0,"tools/simval/studies/item-fit-bootstrap-intervals.R","32d2bfbfbfc0dbc7485be9255020087a","git:86ddf2c+dirty","c0c325bc7d42","2026-09-07","6302a64bcdb25080c037697186a418d8","loo-maxt-2"
"linked booklets",40,600,6000040,"ok","","",600,600,0,0,0,10.6469026143718,3,7,0,0,0,0,0,0.0666666666666667,0,0,0,"tools/simval/studies/item-fit-bootstrap-intervals.R","32d2bfbfbfc0dbc7485be9255020087a","git:86ddf2c+dirty","c0c325bc7d42","2026-09-07","6302a64bcdb25080c037697186a418d8","loo-maxt-2"
"linked booklets",41,600,6000041,"ok","","",600,600,0,0,0,5.19920348155209,3,7,0,0.133333333333333,1,0.266666666666667,1,0.2,1,0.266666666666667,1,"tools/simval/studies/item-fit-bootstrap-intervals.R","32d2bfbfbfc0dbc7485be9255020087a","git:86ddf2c+dirty","c0c325bc7d42","2026-09-07","6302a64bcdb25080c037697186a418d8","loo-maxt-2"
"linked booklets",42,600,6000042,"ok","","",600,600,0,0,0,13.013637328627,3,7,0,0,0,0,0,0.0666666666666667,0,0,0,"tools/simval/studies/item-fit-bootstrap-intervals.R","32d2bfbfbfc0dbc7485be9255020087a","git:86ddf2c+dirty","c0c325bc7d42","2026-09-07","6302a64bcdb25080c037697186a418d8","loo-maxt-2"
"linked booklets",43,600,6000043,"ok","","",600,600,0,0,0,7.78305158045053,3,7,0,0.133333333333333,0,0.133333333333333,0,0.0666666666666667,0,0.133333333333333,0,"tools/simval/studies/item-fit-bootstrap-intervals.R","32d2bfbfbfc0dbc7485be9255020087a","git:86ddf2c+dirty","c0c325bc7d42","2026-09-07","6302a64bcdb25080c037697186a418d8","loo-maxt-2"
"linked booklets",44,600,6000044,"ok","","",600,600,0,0,0,5.21183592772802,3,7,0,0.133333333333333,0,0,0,0.0666666666666667,0,0,0,"tools/simval/studies/item-fit-bootstrap-intervals.R","32d2bfbfbfc0dbc7485be9255020087a","git:86ddf2c+dirty","c0c325bc7d42","2026-09-07","6302a64bcdb25080c037697186a418d8","loo-maxt-2"
"linked booklets",45,600,6000045,"ok","","",600,600,0,0,0,6.27423580038771,3,7,0,0.133333333333333,1,0,0,0,0,0,0,"tools/simval/studies/item-fit-bootstrap-intervals.R","32d2bfbfbfc0dbc7485be9255020087a","git:86ddf2c+dirty","c0c325bc7d42","2026-09-07","6302a64bcdb25080c037697186a418d8","loo-maxt-2"
"linked booklets",46,600,6000046,"ok","","",600,600,0,0,0,6.1705446253419,3,7,0,0.0666666666666667,0,0,0,0.0666666666666667,0,0,0,"tools/simval/studies/item-fit-bootstrap-intervals.R","32d2bfbfbfc0dbc7485be9255020087a","git:86ddf2c+dirty","c0c325bc7d42","2026-09-07","6302a64bcdb25080c037697186a418d8","loo-maxt-2"
"linked booklets",47,600,6000047,"ok","","",600,600,0,0,0,7.019994434001,3,7,0,0,0,0.0666666666666667,0,0.0666666666666667,0,0.0666666666666667,0,"tools/simval/studies/item-fit-bootstrap-intervals.R","32d2bfbfbfc0dbc7485be9255020087a","git:86ddf2c+dirty","c0c325bc7d42","2026-09-07","6302a64bcdb25080c037697186a418d8","loo-maxt-2"
"linked booklets",48,600,6000048,"ok","","",600,600,0,0,0,10.4747260458902,3,7,0,0.0666666666666667,0,0,0,0,0,0,0,"tools/simval/studies/item-fit-bootstrap-intervals.R","32d2bfbfbfc0dbc7485be9255020087a","git:86ddf2c+dirty","c0c325bc7d42","2026-09-07","6302a64bcdb25080c037697186a418d8","loo-maxt-2"
"linked booklets",49,600,6000049,"ok","","",600,600,0,0,0,11.803439604313,3,7,0,0,0,0,0,0.0666666666666667,0,0,0,"tools/simval/studies/item-fit-bootstrap-intervals.R","32d2bfbfbfc0dbc7485be9255020087a","git:86ddf2c+dirty","c0c325bc7d42","2026-09-07","6302a64bcdb25080c037697186a418d8","loo-maxt-2"
"linked booklets",50,600,6000050,"ok","","",600,600,0,0,0,8.70900315315619,3,7,0,0,0,0,0,0.0666666666666667,0,0,0,"tools/simval/studies/item-fit-bootstrap-intervals.R","32d2bfbfbfc0dbc7485be9255020087a","git:86ddf2c+dirty","c0c325bc7d42","2026-09-07","6302a64bcdb25080c037697186a418d8","loo-maxt-2"
"linked booklets",51,600,6000051,"ok","","",600,600,0,0,0,9.6489738416055,3,7,0,0.133333333333333,0,0,0,0,0,0,0,"tools/simval/studies/item-fit-bootstrap-intervals.R","32d2bfbfbfc0dbc7485be9255020087a","git:86ddf2c+dirty","c0c325bc7d42","2026-09-07","6302a64bcdb25080c037697186a418d8","loo-maxt-2"
"linked booklets",52,600,6000052,"ok","","",600,600,0,0,0,7.03621899729632,3,7,0,0.2,0,0.133333333333333,0,0.133333333333333,0,0.133333333333333,0,"tools/simval/studies/item-fit-bootstrap-intervals.R","32d2bfbfbfc0dbc7485be9255020087a","git:86ddf2c+dirty","c0c325bc7d42","2026-09-07","6302a64bcdb25080c037697186a418d8","loo-maxt-2"
"linked booklets",53,600,6000053,"ok","","",600,600,0,0,0,13.6657083024553,3,7,0,0.0666666666666667,1,0.0666666666666667,0,0,0,0.0666666666666667,0,"tools/simval/studies/item-fit-bootstrap-intervals.R","32d2bfbfbfc0dbc7485be9255020087a","git:86ddf2c+dirty","c0c325bc7d42","2026-09-07","6302a64bcdb25080c037697186a418d8","loo-maxt-2"
"linked booklets",54,600,6000054,"ok","","",600,600,0,0,0,12.802580433727,3,7,0,0.0666666666666667,0,0.133333333333333,0,0.0666666666666667,0,0.133333333333333,0,"tools/simval/studies/item-fit-bootstrap-intervals.R","32d2bfbfbfc0dbc7485be9255020087a","git:86ddf2c+dirty","c0c325bc7d42","2026-09-07","6302a64bcdb25080c037697186a418d8","loo-maxt-2"
"linked booklets",55,600,6000055,"ok","","",600,600,0,0,0,10.8739932634948,3,7,0,0,0,0,0,0,0,0,0,"tools/simval/studies/item-fit-bootstrap-intervals.R","32d2bfbfbfc0dbc7485be9255020087a","git:86ddf2c+dirty","c0c325bc7d42","2026-09-07","6302a64bcdb25080c037697186a418d8","loo-maxt-2"
"linked booklets",56,600,6000056,"ok","","",600,600,0,0,0,10.9228567537305,3,7,0,0,0,0,0,0,0,0,0,"tools/simval/studies/item-fit-bootstrap-intervals.R","32d2bfbfbfc0dbc7485be9255020087a","git:86ddf2c+dirty","c0c325bc7d42","2026-09-07","6302a64bcdb25080c037697186a418d8","loo-maxt-2"
"linked booklets",57,600,6000057,"ok","","",600,600,0,0,0,6.39939190836204,3,7,0,0,0,0,0,0,0,0,0,"tools/simval/studies/item-fit-bootstrap-intervals.R","32d2bfbfbfc0dbc7485be9255020087a","git:86ddf2c+dirty","c0c325bc7d42","2026-09-07","6302a64bcdb25080c037697186a418d8","loo-maxt-2"
"linked booklets",58,600,6000058,"ok","","",600,600,0,0,0,6.63898566221131,3,7,0,0.0666666666666667,0,0,0,0,0,0,0,"tools/simval/studies/item-fit-bootstrap-intervals.R","32d2bfbfbfc0dbc7485be9255020087a","git:86ddf2c+dirty","c0c325bc7d42","2026-09-07","6302a64bcdb25080c037697186a418d8","loo-maxt-2"
"linked booklets",59,600,6000059,"ok","","",600,600,0,0,0,4.9614901173792,3,7,0,0.0666666666666667,0,0.0666666666666667,0,0.0666666666666667,1,0.0666666666666667,0,"tools/simval/studies/item-fit-bootstrap-intervals.R","32d2bfbfbfc0dbc7485be9255020087a","git:86ddf2c+dirty","c0c325bc7d42","2026-09-07","6302a64bcdb25080c037697186a418d8","loo-maxt-2"
"linked booklets",60,600,6000060,"ok","","",600,600,0,0,0,9.76636530902169,3,7,0,0.133333333333333,0,0.0666666666666667,0,0.0666666666666667,0,0.0666666666666667,0,"tools/simval/studies/item-fit-bootstrap-intervals.R","32d2bfbfbfc0dbc7485be9255020087a","git:86ddf2c+dirty","c0c325bc7d42","2026-09-07","6302a64bcdb25080c037697186a418d8","loo-maxt-2"
"linked booklets",61,600,6000061,"ok","","",600,600,0,0,0,12.164362953645,3,7,0,0,0,0.0666666666666667,0,0,0,0.0666666666666667,0,"tools/simval/studies/item-fit-bootstrap-intervals.R","32d2bfbfbfc0dbc7485be9255020087a","git:86ddf2c+dirty","c0c325bc7d42","2026-09-07","6302a64bcdb25080c037697186a418d8","loo-maxt-2"
"linked booklets",62,600,6000062,"ok","","",600,600,0,0,0,5.69667406893105,3,7,0,0.0666666666666667,0,0.0666666666666667,0,0.0666666666666667,0,0.0666666666666667,0,"tools/simval/studies/item-fit-bootstrap-intervals.R","32d2bfbfbfc0dbc7485be9255020087a","git:86ddf2c+dirty","c0c325bc7d42","2026-09-07","6302a64bcdb25080c037697186a418d8","loo-maxt-2"
"linked booklets",63,600,6000063,"ok","","",600,600,0,0,0,9.42500904778128,3,7,0,0.0666666666666667,0,0,0,0,0,0,0,"tools/simval/studies/item-fit-bootstrap-intervals.R","32d2bfbfbfc0dbc7485be9255020087a","git:86ddf2c+dirty","c0c325bc7d42","2026-09-07","6302a64bcdb25080c037697186a418d8","loo-maxt-2"
"linked booklets",64,600,6000064,"ok","","",600,600,0,0,0,5.82893328156938,3,7,0,0.0666666666666667,0,0,0,0,0,0,0,"tools/simval/studies/item-fit-bootstrap-intervals.R","32d2bfbfbfc0dbc7485be9255020087a","git:86ddf2c+dirty","c0c325bc7d42","2026-09-07","6302a64bcdb25080c037697186a418d8","loo-maxt-2"
"linked booklets",65,600,6000065,"ok","","",600,600,0,0,0,7.75624679986323,3,7,0,0.0666666666666667,1,0,0,0,0,0,0,"tools/simval/studies/item-fit-bootstrap-intervals.R","32d2bfbfbfc0dbc7485be9255020087a","git:86ddf2c+dirty","c0c325bc7d42","2026-09-07","6302a64bcdb25080c037697186a418d8","loo-maxt-2"
"linked booklets",66,600,6000066,"ok","","",600,600,0,0,0,8.57881121444236,3,7,0,0.0666666666666667,0,0.0666666666666667,0,0.133333333333333,0,0.0666666666666667,0,"tools/simval/studies/item-fit-bootstrap-intervals.R","32d2bfbfbfc0dbc7485be9255020087a","git:86ddf2c+dirty","c0c325bc7d42","2026-09-07","6302a64bcdb25080c037697186a418d8","loo-maxt-2"
"linked booklets",67,600,6000067,"ok","","",600,600,0,0,0,5.00669002333514,3,7,0,0,0,0.0666666666666667,0,0.0666666666666667,0,0.0666666666666667,0,"tools/simval/studies/item-fit-bootstrap-intervals.R","32d2bfbfbfc0dbc7485be9255020087a","git:86ddf2c+dirty","c0c325bc7d42","2026-09-07","6302a64bcdb25080c037697186a418d8","loo-maxt-2"
"linked booklets",68,600,6000068,"ok","","",600,600,0,0,0,8.4213911470192,3,7,0,0.0666666666666667,0,0,0,0,0,0,0,"tools/simval/studies/item-fit-bootstrap-intervals.R","32d2bfbfbfc0dbc7485be9255020087a","git:86ddf2c+dirty","c0c325bc7d42","2026-09-07","6302a64bcdb25080c037697186a418d8","loo-maxt-2"
"linked booklets",69,600,6000069,"ok","","",600,600,0,0,0,11.4938533829702,3,7,0,0.133333333333333,0,0.2,0,0.2,1,0.2,0,"tools/simval/studies/item-fit-bootstrap-intervals.R","32d2bfbfbfc0dbc7485be9255020087a","git:86ddf2c+dirty","c0c325bc7d42","2026-09-07","6302a64bcdb25080c037697186a418d8","loo-maxt-2"
"linked booklets",70,600,6000070,"ok","","",600,600,0,0,0,4.13302845344141,3,7,0,0.133333333333333,0,0.0666666666666667,0,0,0,0.0666666666666667,0,"tools/simval/studies/item-fit-bootstrap-intervals.R","32d2bfbfbfc0dbc7485be9255020087a","git:86ddf2c+dirty","c0c325bc7d42","2026-09-07","6302a64bcdb25080c037697186a418d8","loo-maxt-2"
"linked booklets",71,600,6000071,"ok","","",600,600,0,0,0,7.15892943068487,3,7,0,0,0,0,0,0.133333333333333,0,0,0,"tools/simval/studies/item-fit-bootstrap-intervals.R","32d2bfbfbfc0dbc7485be9255020087a","git:86ddf2c+dirty","c0c325bc7d42","2026-09-07","6302a64bcdb25080c037697186a418d8","loo-maxt-2"
"linked booklets",72,600,6000072,"ok","","",600,600,0,0,0,10.0920957995275,3,7,0,0.0666666666666667,1,0,0,0,0,0,0,"tools/simval/studies/item-fit-bootstrap-intervals.R","32d2bfbfbfc0dbc7485be9255020087a","git:86ddf2c+dirty","c0c325bc7d42","2026-09-07","6302a64bcdb25080c037697186a418d8","loo-maxt-2"
"linked booklets",73,600,6000073,"ok","","",600,600,0,0,0,5.26285188982312,3,7,0,0.0666666666666667,0,0.0666666666666667,0,0,0,0.0666666666666667,0,"tools/simval/studies/item-fit-bootstrap-intervals.R","32d2bfbfbfc0dbc7485be9255020087a","git:86ddf2c+dirty","c0c325bc7d42","2026-09-07","6302a64bcdb25080c037697186a418d8","loo-maxt-2"
"linked booklets",74,600,6000074,"ok","","",600,600,0,0,0,7.98217379016696,3,7,0,0.133333333333333,0,0.2,1,0.2,0,0.2,1,"tools/simval/studies/item-fit-bootstrap-intervals.R","32d2bfbfbfc0dbc7485be9255020087a","git:86ddf2c+dirty","c0c325bc7d42","2026-09-07","6302a64bcdb25080c037697186a418d8","loo-maxt-2"
"linked booklets",75,600,6000075,"ok","","",600,600,0,0,0,6.68958928329569,3,7,0,0,0,0.0666666666666667,0,0,0,0.0666666666666667,0,"tools/simval/studies/item-fit-bootstrap-intervals.R","32d2bfbfbfc0dbc7485be9255020087a","git:86ddf2c+dirty","c0c325bc7d42","2026-09-07","6302a64bcdb25080c037697186a418d8","loo-maxt-2"
"linked booklets",76,600,6000076,"ok","","",600,600,0,0,0,5.88012315446398,3,7,0,0.0666666666666667,0,0,0,0,0,0,0,"tools/simval/studies/item-fit-bootstrap-intervals.R","32d2bfbfbfc0dbc7485be9255020087a","git:86ddf2c+dirty","c0c325bc7d42","2026-09-07","6302a64bcdb25080c037697186a418d8","loo-maxt-2"
"linked booklets",77,600,6000077,"ok","","",600,600,0,0,0,9.21401645333389,3,7,0,0,0,0.0666666666666667,0,0.0666666666666667,0,0.0666666666666667,0,"tools/simval/studies/item-fit-bootstrap-intervals.R","32d2bfbfbfc0dbc7485be9255020087a","git:86ddf2c+dirty","c0c325bc7d42","2026-09-07","6302a64bcdb25080c037697186a418d8","loo-maxt-2"
"linked booklets",78,600,6000078,"ok","","",600,600,0,0,0,10.9577855667957,3,7,0,0,0,0,0,0,0,0,0,"tools/simval/studies/item-fit-bootstrap-intervals.R","32d2bfbfbfc0dbc7485be9255020087a","git:86ddf2c+dirty","c0c325bc7d42","2026-09-07","6302a64bcdb25080c037697186a418d8","loo-maxt-2"
"linked booklets",79,600,6000079,"ok","","",600,600,0,0,0,9.1783001394644,3,7,0,0.0666666666666667,0,0.133333333333333,0,0.0666666666666667,0,0.133333333333333,0,"tools/simval/studies/item-fit-bootstrap-intervals.R","32d2bfbfbfc0dbc7485be9255020087a","git:86ddf2c+dirty","c0c325bc7d42","2026-09-07","6302a64bcdb25080c037697186a418d8","loo-maxt-2"
"linked booklets",80,600,6000080,"ok","","",600,600,0,0,0,10.1936944111484,3,7,0,0.0666666666666667,0,0,0,0,0,0,0,"tools/simval/studies/item-fit-bootstrap-intervals.R","32d2bfbfbfc0dbc7485be9255020087a","git:86ddf2c+dirty","c0c325bc7d42","2026-09-07","6302a64bcdb25080c037697186a418d8","loo-maxt-2"
"linked booklets",81,600,6000081,"ok","","",600,600,0,0,0,6.42163422323704,3,7,1,0.133333333333333,0,0.0666666666666667,0,0.0666666666666667,0,0.0666666666666667,0,"tools/simval/studies/item-fit-bootstrap-intervals.R","32d2bfbfbfc0dbc7485be9255020087a","git:86ddf2c+dirty","c0c325bc7d42","2026-09-07","6302a64bcdb25080c037697186a418d8","loo-maxt-2"
"linked booklets",82,600,6000082,"ok","","",600,600,0,0,0,6.54411327609174,3,7,0,0,0,0.0666666666666667,0,0.0666666666666667,0,0.0666666666666667,0,"tools/simval/studies/item-fit-bootstrap-intervals.R","32d2bfbfbfc0dbc7485be9255020087a","git:86ddf2c+dirty","c0c325bc7d42","2026-09-07","6302a64bcdb25080c037697186a418d8","loo-maxt-2"
"linked booklets",83,600,6000083,"ok","","",600,600,0,0,0,10.4550401151511,3,7,0,0,0,0,0,0,0,0,0,"tools/simval/studies/item-fit-bootstrap-intervals.R","32d2bfbfbfc0dbc7485be9255020087a","git:86ddf2c+dirty","c0c325bc7d42","2026-09-07","6302a64bcdb25080c037697186a418d8","loo-maxt-2"
"linked booklets",84,600,6000084,"ok","","",600,600,0,0,0,8.21791875974522,3,7,0,0,0,0.0666666666666667,1,0.133333333333333,0,0.133333333333333,0,"tools/simval/studies/item-fit-bootstrap-intervals.R","32d2bfbfbfc0dbc7485be9255020087a","git:86ddf2c+dirty","c0c325bc7d42","2026-09-07","6302a64bcdb25080c037697186a418d8","loo-maxt-2"
"linked booklets",85,600,6000085,"ok","","",600,600,0,0,0,16.4431354425043,3,7,0,0.0666666666666667,0,0,0,0,0,0,0,"tools/simval/studies/item-fit-bootstrap-intervals.R","32d2bfbfbfc0dbc7485be9255020087a","git:86ddf2c+dirty","c0c325bc7d42","2026-09-07","6302a64bcdb25080c037697186a418d8","loo-maxt-2"
"linked booklets",86,600,6000086,"ok","","",600,600,0,0,0,9.4190372971349,3,7,1,0.133333333333333,0,0,0,0,0,0,0,"tools/simval/studies/item-fit-bootstrap-intervals.R","32d2bfbfbfc0dbc7485be9255020087a","git:86ddf2c+dirty","c0c325bc7d42","2026-09-07","6302a64bcdb25080c037697186a418d8","loo-maxt-2"
"linked booklets",87,600,6000087,"ok","","",600,600,0,0,0,8.67923820088814,3,7,0,0,0,0.0666666666666667,0,0,0,0.0666666666666667,0,"tools/simval/studies/item-fit-bootstrap-intervals.R","32d2bfbfbfc0dbc7485be9255020087a","git:86ddf2c+dirty","c0c325bc7d42","2026-09-07","6302a64bcdb25080c037697186a418d8","loo-maxt-2"
"linked booklets",88,600,6000088,"ok","","",600,600,0,0,0,6.45183559378864,3,7,0,0,0,0.133333333333333,0,0.133333333333333,0,0.133333333333333,0,"tools/simval/studies/item-fit-bootstrap-intervals.R","32d2bfbfbfc0dbc7485be9255020087a","git:86ddf2c+dirty","c0c325bc7d42","2026-09-07","6302a64bcdb25080c037697186a418d8","loo-maxt-2"
"linked booklets",89,600,6000089,"ok","","",600,600,0,0,0,6.16205998149977,3,7,0,0,0,0,0,0,0,0,0,"tools/simval/studies/item-fit-bootstrap-intervals.R","32d2bfbfbfc0dbc7485be9255020087a","git:86ddf2c+dirty","c0c325bc7d42","2026-09-07","6302a64bcdb25080c037697186a418d8","loo-maxt-2"
"linked booklets",90,600,6000090,"ok","","",600,600,0,0,0,5.11184469597487,3,7,0,0.133333333333333,0,0.0666666666666667,0,0,0,0.0666666666666667,0,"tools/simval/studies/item-fit-bootstrap-intervals.R","32d2bfbfbfc0dbc7485be9255020087a","git:86ddf2c+dirty","c0c325bc7d42","2026-09-07","6302a64bcdb25080c037697186a418d8","loo-maxt-2"
"linked booklets",91,600,6000091,"ok","","",600,600,0,0,0,8.25395450924115,3,7,0,0.0666666666666667,0,0.0666666666666667,0,0.2,0,0.0666666666666667,0,"tools/simval/studies/item-fit-bootstrap-intervals.R","32d2bfbfbfc0dbc7485be9255020087a","git:86ddf2c+dirty","c0c325bc7d42","2026-09-07","6302a64bcdb25080c037697186a418d8","loo-maxt-2"
"linked booklets",92,600,6000092,"ok","","",600,600,0,0,0,9.95281940379945,3,7,0,0.0666666666666667,0,0,0,0.0666666666666667,0,0,0,"tools/simval/studies/item-fit-bootstrap-intervals.R","32d2bfbfbfc0dbc7485be9255020087a","git:86ddf2c+dirty","c0c325bc7d42","2026-09-07","6302a64bcdb25080c037697186a418d8","loo-maxt-2"
"linked booklets",93,600,6000093,"ok","","",600,600,0,0,0,6.94240889958694,3,7,0,0.0666666666666667,0,0.0666666666666667,0,0.2,0,0.0666666666666667,0,"tools/simval/studies/item-fit-bootstrap-intervals.R","32d2bfbfbfc0dbc7485be9255020087a","git:86ddf2c+dirty","c0c325bc7d42","2026-09-07","6302a64bcdb25080c037697186a418d8","loo-maxt-2"
"linked booklets",94,600,6000094,"ok","","",600,600,0,0,0,6.44940130973349,3,7,0,0.133333333333333,0,0.0666666666666667,0,0.0666666666666667,0,0.0666666666666667,0,"tools/simval/studies/item-fit-bootstrap-intervals.R","32d2bfbfbfc0dbc7485be9255020087a","git:86ddf2c+dirty","c0c325bc7d42","2026-09-07","6302a64bcdb25080c037697186a418d8","loo-maxt-2"
"linked booklets",95,600,6000095,"ok","","",600,600,0,0,0,8.78521347016438,3,7,0,0,0,0.133333333333333,1,0.0666666666666667,0,0.133333333333333,1,"tools/simval/studies/item-fit-bootstrap-intervals.R","32d2bfbfbfc0dbc7485be9255020087a","git:86ddf2c+dirty","c0c325bc7d42","2026-09-07","6302a64bcdb25080c037697186a418d8","loo-maxt-2"
"linked booklets",96,600,6000096,"ok","","",600,600,0,0,0,6.00676323120824,3,7,0,0,0,0.0666666666666667,0,0.0666666666666667,0,0.0666666666666667,0,"tools/simval/studies/item-fit-bootstrap-intervals.R","32d2bfbfbfc0dbc7485be9255020087a","git:86ddf2c+dirty","c0c325bc7d42","2026-09-07","6302a64bcdb25080c037697186a418d8","loo-maxt-2"
"linked booklets",97,600,6000097,"ok","","",600,600,0,0,0,8.26560119379388,3,7,0,0,0,0.0666666666666667,0,0,0,0.0666666666666667,0,"tools/simval/studies/item-fit-bootstrap-intervals.R","32d2bfbfbfc0dbc7485be9255020087a","git:86ddf2c+dirty","c0c325bc7d42","2026-09-07","6302a64bcdb25080c037697186a418d8","loo-maxt-2"
"linked booklets",98,600,6000098,"ok","","",600,600,0,0,0,7.81263233106975,3,7,0,0.0666666666666667,0,0.133333333333333,0,0.133333333333333,0,0.133333333333333,0,"tools/simval/studies/item-fit-bootstrap-intervals.R","32d2bfbfbfc0dbc7485be9255020087a","git:86ddf2c+dirty","c0c325bc7d42","2026-09-07","6302a64bcdb25080c037697186a418d8","loo-maxt-2"
"linked booklets",99,600,6000099,"ok","","",600,600,0,0,0,5.35174247649861,3,7,0,0.0666666666666667,0,0.0666666666666667,1,0.0666666666666667,1,0.0666666666666667,1,"tools/simval/studies/item-fit-bootstrap-intervals.R","32d2bfbfbfc0dbc7485be9255020087a","git:86ddf2c+dirty","c0c325bc7d42","2026-09-07","6302a64bcdb25080c037697186a418d8","loo-maxt-2"
"linked booklets",100,600,6000100,"ok","","",600,600,0,0,0,8.36144010178416,3,7,0,0.0666666666666667,1,0,0,0.0666666666666667,0,0,0,"tools/simval/studies/item-fit-bootstrap-intervals.R","32d2bfbfbfc0dbc7485be9255020087a","git:86ddf2c+dirty","c0c325bc7d42","2026-09-07","6302a64bcdb25080c037697186a418d8","loo-maxt-2"
"unequal exposure",1,399,9000001,"ok","","",399,399,0,0,0,4.88344937415062,2,6,0,0,0,0,0,0,0,0,0,"tools/simval/studies/item-fit-bootstrap-intervals.R","32d2bfbfbfc0dbc7485be9255020087a","git:86ddf2c+dirty","c0c325bc7d42","2026-09-07","6302a64bcdb25080c037697186a418d8","loo-maxt-2"
"unequal exposure",2,399,9000002,"ok","","",399,399,0,0,0,5.43472670558946,2,7,0,0,0,0,0,0,0,0,0,"tools/simval/studies/item-fit-bootstrap-intervals.R","32d2bfbfbfc0dbc7485be9255020087a","git:86ddf2c+dirty","c0c325bc7d42","2026-09-07","6302a64bcdb25080c037697186a418d8","loo-maxt-2"
"unequal exposure",3,399,9000003,"ok","","",399,399,0,0,0,9.40537677633301,2,7,0,0.125,0,0.125,0,0.125,0,0.125,0,"tools/simval/studies/item-fit-bootstrap-intervals.R","32d2bfbfbfc0dbc7485be9255020087a","git:86ddf2c+dirty","c0c325bc7d42","2026-09-07","6302a64bcdb25080c037697186a418d8","loo-maxt-2"
"unequal exposure",4,399,9000004,"ok","","",399,399,0,0,0,4.15711436353595,2,6,0,0.25,0,0,0,0,0,0,0,"tools/simval/studies/item-fit-bootstrap-intervals.R","32d2bfbfbfc0dbc7485be9255020087a","git:86ddf2c+dirty","c0c325bc7d42","2026-09-07","6302a64bcdb25080c037697186a418d8","loo-maxt-2"
"unequal exposure",5,399,9000005,"ok","","",399,399,0,0,0,4.35486226678855,2,7,1,0.25,0,0.125,0,0.125,0,0.125,0,"tools/simval/studies/item-fit-bootstrap-intervals.R","32d2bfbfbfc0dbc7485be9255020087a","git:86ddf2c+dirty","c0c325bc7d42","2026-09-07","6302a64bcdb25080c037697186a418d8","loo-maxt-2"
"unequal exposure",6,399,9000006,"ok","","",399,399,0,0,0,3.52174426015549,2,7,0,0.25,1,0.125,0,0.125,0,0.125,0,"tools/simval/studies/item-fit-bootstrap-intervals.R","32d2bfbfbfc0dbc7485be9255020087a","git:86ddf2c+dirty","c0c325bc7d42","2026-09-07","6302a64bcdb25080c037697186a418d8","loo-maxt-2"
"unequal exposure",7,399,9000007,"ok","","",399,399,0,0,0,5.97811677239129,2,7,0,0.125,1,0.125,1,0.25,0,0.125,1,"tools/simval/studies/item-fit-bootstrap-intervals.R","32d2bfbfbfc0dbc7485be9255020087a","git:86ddf2c+dirty","c0c325bc7d42","2026-09-07","6302a64bcdb25080c037697186a418d8","loo-maxt-2"
"unequal exposure",8,399,9000008,"ok","","",399,399,0,0,0,3.03587481234088,2,7,0,0,0,0,0,0,0,0,0,"tools/simval/studies/item-fit-bootstrap-intervals.R","32d2bfbfbfc0dbc7485be9255020087a","git:86ddf2c+dirty","c0c325bc7d42","2026-09-07","6302a64bcdb25080c037697186a418d8","loo-maxt-2"
"unequal exposure",9,399,9000009,"ok","","",399,399,0,0,0,2.36905285095984,2,7,0,0,0,0,0,0,0,0,0,"tools/simval/studies/item-fit-bootstrap-intervals.R","32d2bfbfbfc0dbc7485be9255020087a","git:86ddf2c+dirty","c0c325bc7d42","2026-09-07","6302a64bcdb25080c037697186a418d8","loo-maxt-2"
"unequal exposure",10,399,9000010,"ok","","",399,399,0,0,0,3.48166340499981,2,7,0,0,0,0,0,0,0,0,0,"tools/simval/studies/item-fit-bootstrap-intervals.R","32d2bfbfbfc0dbc7485be9255020087a","git:86ddf2c+dirty","c0c325bc7d42","2026-09-07","6302a64bcdb25080c037697186a418d8","loo-maxt-2"
"unequal exposure",11,399,9000011,"ok","","",399,399,0,0,0,0.76108163074844,2,6,0,0.125,0,0,0,0,0,0,0,"tools/simval/studies/item-fit-bootstrap-intervals.R","32d2bfbfbfc0dbc7485be9255020087a","git:86ddf2c+dirty","c0c325bc7d42","2026-09-07","6302a64bcdb25080c037697186a418d8","loo-maxt-2"
"unequal exposure",12,399,9000012,"ok","","",399,399,0,0,0,5.82186900536661,2,6,0,0,0,0,0,0,0,0,0,"tools/simval/studies/item-fit-bootstrap-intervals.R","32d2bfbfbfc0dbc7485be9255020087a","git:86ddf2c+dirty","c0c325bc7d42","2026-09-07","6302a64bcdb25080c037697186a418d8","loo-maxt-2"
"unequal exposure",13,399,9000013,"ok","","",399,399,0,0,0,2.41558089182834,2,7,0,0,0,0,0,0,0,0,0,"tools/simval/studies/item-fit-bootstrap-intervals.R","32d2bfbfbfc0dbc7485be9255020087a","git:86ddf2c+dirty","c0c325bc7d42","2026-09-07","6302a64bcdb25080c037697186a418d8","loo-maxt-2"
"unequal exposure",14,399,9000014,"ok","","",399,399,0,0,0,2.32343852241003,2,7,0,0,0,0,0,0,0,0,0,"tools/simval/studies/item-fit-bootstrap-intervals.R","32d2bfbfbfc0dbc7485be9255020087a","git:86ddf2c+dirty","c0c325bc7d42","2026-09-07","6302a64bcdb25080c037697186a418d8","loo-maxt-2"
"unequal exposure",15,399,9000015,"ok","","",399,399,0,0,0,6.68288551224261,2,6,0,0,0,0,0,0,0,0,0,"tools/simval/studies/item-fit-bootstrap-intervals.R","32d2bfbfbfc0dbc7485be9255020087a","git:86ddf2c+dirty","c0c325bc7d42","2026-09-07","6302a64bcdb25080c037697186a418d8","loo-maxt-2"
"unequal exposure",16,399,9000016,"ok","","",399,399,0,0,0,6.07908297318573,2,7,0,0.125,0,0,0,0,0,0,0,"tools/simval/studies/item-fit-bootstrap-intervals.R","32d2bfbfbfc0dbc7485be9255020087a","git:86ddf2c+dirty","c0c325bc7d42","2026-09-07","6302a64bcdb25080c037697186a418d8","loo-maxt-2"
"unequal exposure",17,399,9000017,"ok","","",399,399,0,0,0,9.75712028352892,2,6,0,0.125,0,0,0,0,0,0,0,"tools/simval/studies/item-fit-bootstrap-intervals.R","32d2bfbfbfc0dbc7485be9255020087a","git:86ddf2c+dirty","c0c325bc7d42","2026-09-07","6302a64bcdb25080c037697186a418d8","loo-maxt-2"
"unequal exposure",18,399,9000018,"ok","","",399,399,0,0,0,6.58803737893222,2,7,0,0,0,0,0,0,0,0,0,"tools/simval/studies/item-fit-bootstrap-intervals.R","32d2bfbfbfc0dbc7485be9255020087a","git:86ddf2c+dirty","c0c325bc7d42","2026-09-07","6302a64bcdb25080c037697186a418d8","loo-maxt-2"
"unequal exposure",19,399,9000019,"ok","","",399,399,0,0,0,2.63499248306729,2,6,0,0,0,0.125,1,0.125,1,0.125,1,"tools/simval/studies/item-fit-bootstrap-intervals.R","32d2bfbfbfc0dbc7485be9255020087a","git:86ddf2c+dirty","c0c325bc7d42","2026-09-07","6302a64bcdb25080c037697186a418d8","loo-maxt-2"
"unequal exposure",20,399,9000020,"ok","","",399,399,0,0,0,2.85227032510089,2,6,0,0,0,0,0,0,0,0,0,"tools/simval/studies/item-fit-bootstrap-intervals.R","32d2bfbfbfc0dbc7485be9255020087a","git:86ddf2c+dirty","c0c325bc7d42","2026-09-07","6302a64bcdb25080c037697186a418d8","loo-maxt-2"
"unequal exposure",21,399,9000021,"ok","","",399,399,0,0,0,1.55539524272189,2,6,0,0,0,0,0,0,0,0,0,"tools/simval/studies/item-fit-bootstrap-intervals.R","32d2bfbfbfc0dbc7485be9255020087a","git:86ddf2c+dirty","c0c325bc7d42","2026-09-07","6302a64bcdb25080c037697186a418d8","loo-maxt-2"
"unequal exposure",22,399,9000022,"ok","","",399,399,0,0,0,5.21805714128264,2,6,0,0,0,0,0,0,0,0,0,"tools/simval/studies/item-fit-bootstrap-intervals.R","32d2bfbfbfc0dbc7485be9255020087a","git:86ddf2c+dirty","c0c325bc7d42","2026-09-07","6302a64bcdb25080c037697186a418d8","loo-maxt-2"
"unequal exposure",23,399,9000023,"ok","","",399,399,0,0,0,5.96601841080399,2,6,0,0,0,0.125,0,0.25,0,0.125,0,"tools/simval/studies/item-fit-bootstrap-intervals.R","32d2bfbfbfc0dbc7485be9255020087a","git:86ddf2c+dirty","c0c325bc7d42","2026-09-07","6302a64bcdb25080c037697186a418d8","loo-maxt-2"
"unequal exposure",24,399,9000024,"ok","","",399,399,0,0,0,7.28932385208038,2,7,0,0,0,0,0,0,0,0,0,"tools/simval/studies/item-fit-bootstrap-intervals.R","32d2bfbfbfc0dbc7485be9255020087a","git:86ddf2c+dirty","c0c325bc7d42","2026-09-07","6302a64bcdb25080c037697186a418d8","loo-maxt-2"
"unequal exposure",25,399,9000025,"ok","","",399,399,0,0,0,5.52916669032541,2,7,0,0,0,0.125,0,0.125,0,0.125,0,"tools/simval/studies/item-fit-bootstrap-intervals.R","32d2bfbfbfc0dbc7485be9255020087a","git:86ddf2c+dirty","c0c325bc7d42","2026-09-07","6302a64bcdb25080c037697186a418d8","loo-maxt-2"
"unequal exposure",26,399,9000026,"ok","","",399,399,0,0,0,4.9472323686666,2,7,0,0,0,0,0,0.125,0,0,0,"tools/simval/studies/item-fit-bootstrap-intervals.R","32d2bfbfbfc0dbc7485be9255020087a","git:86ddf2c+dirty","c0c325bc7d42","2026-09-07","6302a64bcdb25080c037697186a418d8","loo-maxt-2"
"unequal exposure",27,399,9000027,"ok","","",399,399,0,0,0,5.61121622927268,2,7,0,0,0,0,0,0,0,0,0,"tools/simval/studies/item-fit-bootstrap-intervals.R","32d2bfbfbfc0dbc7485be9255020087a","git:86ddf2c+dirty","c0c325bc7d42","2026-09-07","6302a64bcdb25080c037697186a418d8","loo-maxt-2"
"unequal exposure",28,399,9000028,"ok","","",399,399,0,0,0,1.37759850678739,2,6,0,0,0,0,0,0,0,0,0,"tools/simval/studies/item-fit-bootstrap-intervals.R","32d2bfbfbfc0dbc7485be9255020087a","git:86ddf2c+dirty","c0c325bc7d42","2026-09-07","6302a64bcdb25080c037697186a418d8","loo-maxt-2"
"unequal exposure",29,399,9000029,"ok","","",399,399,0,0,0,3.49854861304679,2,7,0,0,0,0,0,0,0,0,0,"tools/simval/studies/item-fit-bootstrap-intervals.R","32d2bfbfbfc0dbc7485be9255020087a","git:86ddf2c+dirty","c0c325bc7d42","2026-09-07","6302a64bcdb25080c037697186a418d8","loo-maxt-2"
"unequal exposure",30,399,9000030,"ok","","",399,399,0,0,0,6.4390856451266,2,7,0,0.125,0,0,0,0,0,0,0,"tools/simval/studies/item-fit-bootstrap-intervals.R","32d2bfbfbfc0dbc7485be9255020087a","git:86ddf2c+dirty","c0c325bc7d42","2026-09-07","6302a64bcdb25080c037697186a418d8","loo-maxt-2"
"unequal exposure",31,399,9000031,"ok","","",399,399,0,0,0,8.06932734320819,2,7,1,0,0,0.125,0,0,0,0.125,0,"tools/simval/studies/item-fit-bootstrap-intervals.R","32d2bfbfbfc0dbc7485be9255020087a","git:86ddf2c+dirty","c0c325bc7d42","2026-09-07","6302a64bcdb25080c037697186a418d8","loo-maxt-2"
"unequal exposure",32,399,9000032,"ok","","",399,399,0,0,0,4.37133466178381,2,6,0,0.125,0,0,0,0,0,0,0,"tools/simval/studies/item-fit-bootstrap-intervals.R","32d2bfbfbfc0dbc7485be9255020087a","git:86ddf2c+dirty","c0c325bc7d42","2026-09-07","6302a64bcdb25080c037697186a418d8","loo-maxt-2"
"unequal exposure",33,399,9000033,"ok","","",399,399,0,0,0,3.2413606922043,2,6,0,0,0,0,0,0,0,0,0,"tools/simval/studies/item-fit-bootstrap-intervals.R","32d2bfbfbfc0dbc7485be9255020087a","git:86ddf2c+dirty","c0c325bc7d42","2026-09-07","6302a64bcdb25080c037697186a418d8","loo-maxt-2"
"unequal exposure",34,399,9000034,"ok","","",399,399,0,0,0,3.32310643795977,2,6,0,0,0,0.125,0,0.125,0,0.125,0,"tools/simval/studies/item-fit-bootstrap-intervals.R","32d2bfbfbfc0dbc7485be9255020087a","git:86ddf2c+dirty","c0c325bc7d42","2026-09-07","6302a64bcdb25080c037697186a418d8","loo-maxt-2"
"unequal exposure",35,399,9000035,"ok","","",399,399,0,0,0,6.02506344811159,2,7,0,0,0,0,0,0,0,0,0,"tools/simval/studies/item-fit-bootstrap-intervals.R","32d2bfbfbfc0dbc7485be9255020087a","git:86ddf2c+dirty","c0c325bc7d42","2026-09-07","6302a64bcdb25080c037697186a418d8","loo-maxt-2"
"unequal exposure",36,399,9000036,"ok","","",399,399,0,0,0,6.60148246839052,2,6,0,0,0,0,0,0.125,0,0,0,"tools/simval/studies/item-fit-bootstrap-intervals.R","32d2bfbfbfc0dbc7485be9255020087a","git:86ddf2c+dirty","c0c325bc7d42","2026-09-07","6302a64bcdb25080c037697186a418d8","loo-maxt-2"
"unequal exposure",37,399,9000037,"ok","","",399,399,0,0,0,5.39103220641607,2,7,0,0,0,0.25,0,0.125,0,0.25,0,"tools/simval/studies/item-fit-bootstrap-intervals.R","32d2bfbfbfc0dbc7485be9255020087a","git:86ddf2c+dirty","c0c325bc7d42","2026-09-07","6302a64bcdb25080c037697186a418d8","loo-maxt-2"
"unequal exposure",38,399,9000038,"ok","","",399,399,0,0,0,7.71250699015452,2,7,1,0.25,0,0.125,1,0.125,1,0.125,1,"tools/simval/studies/item-fit-bootstrap-intervals.R","32d2bfbfbfc0dbc7485be9255020087a","git:86ddf2c+dirty","c0c325bc7d42","2026-09-07","6302a64bcdb25080c037697186a418d8","loo-maxt-2"
"unequal exposure",39,399,9000039,"ok","","",399,399,0,0,0,6.35262335568355,2,6,0,0,0,0,0,0,0,0,0,"tools/simval/studies/item-fit-bootstrap-intervals.R","32d2bfbfbfc0dbc7485be9255020087a","git:86ddf2c+dirty","c0c325bc7d42","2026-09-07","6302a64bcdb25080c037697186a418d8","loo-maxt-2"
"unequal exposure",40,399,9000040,"ok","","",399,399,0,0,0,3.60514773976995,2,6,0,0,0,0,0,0,0,0,0,"tools/simval/studies/item-fit-bootstrap-intervals.R","32d2bfbfbfc0dbc7485be9255020087a","git:86ddf2c+dirty","c0c325bc7d42","2026-09-07","6302a64bcdb25080c037697186a418d8","loo-maxt-2"
"unequal exposure",41,399,9000041,"ok","","",399,399,0,0,0,6.64830576070887,2,7,0,0,0,0,0,0,0,0,0,"tools/simval/studies/item-fit-bootstrap-intervals.R","32d2bfbfbfc0dbc7485be9255020087a","git:86ddf2c+dirty","c0c325bc7d42","2026-09-07","6302a64bcdb25080c037697186a418d8","loo-maxt-2"
"unequal exposure",42,399,9000042,"ok","","",399,399,0,0,0,4.44381270377788,2,7,0,0,0,0,0,0,0,0,0,"tools/simval/studies/item-fit-bootstrap-intervals.R","32d2bfbfbfc0dbc7485be9255020087a","git:86ddf2c+dirty","c0c325bc7d42","2026-09-07","6302a64bcdb25080c037697186a418d8","loo-maxt-2"
"unequal exposure",43,399,9000043,"ok","","",399,399,0,0,0,1.96355457348728,2,6,1,0,0,0.125,0,0.25,0,0.125,0,"tools/simval/studies/item-fit-bootstrap-intervals.R","32d2bfbfbfc0dbc7485be9255020087a","git:86ddf2c+dirty","c0c325bc7d42","2026-09-07","6302a64bcdb25080c037697186a418d8","loo-maxt-2"
"unequal exposure",44,399,9000044,"ok","","",399,399,0,0,0,7.26730236654664,2,6,0,0,0,0,0,0,0,0,0,"tools/simval/studies/item-fit-bootstrap-intervals.R","32d2bfbfbfc0dbc7485be9255020087a","git:86ddf2c+dirty","c0c325bc7d42","2026-09-07","6302a64bcdb25080c037697186a418d8","loo-maxt-2"
"unequal exposure",45,399,9000045,"ok","","",399,399,0,0,0,2.86665020233922,2,7,0,0.125,0,0,0,0,0,0,0,"tools/simval/studies/item-fit-bootstrap-intervals.R","32d2bfbfbfc0dbc7485be9255020087a","git:86ddf2c+dirty","c0c325bc7d42","2026-09-07","6302a64bcdb25080c037697186a418d8","loo-maxt-2"
"unequal exposure",46,399,9000046,"ok","","",399,399,0,0,0,5.23855667597574,2,7,0,0,0,0,0,0,0,0,0,"tools/simval/studies/item-fit-bootstrap-intervals.R","32d2bfbfbfc0dbc7485be9255020087a","git:86ddf2c+dirty","c0c325bc7d42","2026-09-07","6302a64bcdb25080c037697186a418d8","loo-maxt-2"
"unequal exposure",47,399,9000047,"ok","","",399,399,0,0,0,6.13137181870255,2,7,0,0.125,0,0,0,0.125,0,0,0,"tools/simval/studies/item-fit-bootstrap-intervals.R","32d2bfbfbfc0dbc7485be9255020087a","git:86ddf2c+dirty","c0c325bc7d42","2026-09-07","6302a64bcdb25080c037697186a418d8","loo-maxt-2"
"unequal exposure",48,399,9000048,"ok","","",399,399,0,0,0,2.42658466812637,2,6,0,0,0,0,0,0,0,0,0,"tools/simval/studies/item-fit-bootstrap-intervals.R","32d2bfbfbfc0dbc7485be9255020087a","git:86ddf2c+dirty","c0c325bc7d42","2026-09-07","6302a64bcdb25080c037697186a418d8","loo-maxt-2"
"unequal exposure",49,399,9000049,"ok","","",399,399,0,0,0,9.67607327144912,2,7,0,0.125,0,0,0,0,0,0,0,"tools/simval/studies/item-fit-bootstrap-intervals.R","32d2bfbfbfc0dbc7485be9255020087a","git:86ddf2c+dirty","c0c325bc7d42","2026-09-07","6302a64bcdb25080c037697186a418d8","loo-maxt-2"
"unequal exposure",50,399,9000050,"ok","","",399,399,0,0,0,10.573997491017,2,7,0,0,0,0,0,0,0,0,0,"tools/simval/studies/item-fit-bootstrap-intervals.R","32d2bfbfbfc0dbc7485be9255020087a","git:86ddf2c+dirty","c0c325bc7d42","2026-09-07","6302a64bcdb25080c037697186a418d8","loo-maxt-2"
"unequal exposure",51,399,9000051,"ok","","",399,399,0,0,0,4.59511035135634,2,7,0,0,0,0,0,0,0,0,0,"tools/simval/studies/item-fit-bootstrap-intervals.R","32d2bfbfbfc0dbc7485be9255020087a","git:86ddf2c+dirty","c0c325bc7d42","2026-09-07","6302a64bcdb25080c037697186a418d8","loo-maxt-2"
"unequal exposure",52,399,9000052,"ok","","",399,399,0,0,0,3.09029202792961,2,7,0,0,0,0,0,0,0,0,0,"tools/simval/studies/item-fit-bootstrap-intervals.R","32d2bfbfbfc0dbc7485be9255020087a","git:86ddf2c+dirty","c0c325bc7d42","2026-09-07","6302a64bcdb25080c037697186a418d8","loo-maxt-2"
"unequal exposure",53,399,9000053,"ok","","",399,399,0,0,0,10.9264188585934,2,7,0,0,0,0,0,0,0,0,0,"tools/simval/studies/item-fit-bootstrap-intervals.R","32d2bfbfbfc0dbc7485be9255020087a","git:86ddf2c+dirty","c0c325bc7d42","2026-09-07","6302a64bcdb25080c037697186a418d8","loo-maxt-2"
"unequal exposure",54,399,9000054,"ok","","",399,399,0,0,0,11.4956406947528,2,6,0,0,0,0,0,0,0,0,0,"tools/simval/studies/item-fit-bootstrap-intervals.R","32d2bfbfbfc0dbc7485be9255020087a","git:86ddf2c+dirty","c0c325bc7d42","2026-09-07","6302a64bcdb25080c037697186a418d8","loo-maxt-2"
"unequal exposure",55,399,9000055,"ok","","",399,399,0,0,0,4.76888448187473,2,7,1,0.125,0,0.125,0,0.125,0,0.125,0,"tools/simval/studies/item-fit-bootstrap-intervals.R","32d2bfbfbfc0dbc7485be9255020087a","git:86ddf2c+dirty","c0c325bc7d42","2026-09-07","6302a64bcdb25080c037697186a418d8","loo-maxt-2"
"unequal exposure",56,399,9000056,"ok","","",399,399,0,0,0,6.24863676130555,2,7,0,0,0,0,0,0,0,0,0,"tools/simval/studies/item-fit-bootstrap-intervals.R","32d2bfbfbfc0dbc7485be9255020087a","git:86ddf2c+dirty","c0c325bc7d42","2026-09-07","6302a64bcdb25080c037697186a418d8","loo-maxt-2"
"unequal exposure",57,399,9000057,"ok","","",399,399,0,0,0,6.24225988484915,2,7,0,0,0,0,0,0,0,0,0,"tools/simval/studies/item-fit-bootstrap-intervals.R","32d2bfbfbfc0dbc7485be9255020087a","git:86ddf2c+dirty","c0c325bc7d42","2026-09-07","6302a64bcdb25080c037697186a418d8","loo-maxt-2"
"unequal exposure",58,399,9000058,"ok","","",399,399,0,0,0,5.00083241044341,2,7,0,0,0,0,0,0,0,0,0,"tools/simval/studies/item-fit-bootstrap-intervals.R","32d2bfbfbfc0dbc7485be9255020087a","git:86ddf2c+dirty","c0c325bc7d42","2026-09-07","6302a64bcdb25080c037697186a418d8","loo-maxt-2"
"unequal exposure",59,399,9000059,"ok","","",399,399,0,0,0,4.68028681048089,2,7,0,0,0,0,0,0,0,0,0,"tools/simval/studies/item-fit-bootstrap-intervals.R","32d2bfbfbfc0dbc7485be9255020087a","git:86ddf2c+dirty","c0c325bc7d42","2026-09-07","6302a64bcdb25080c037697186a418d8","loo-maxt-2"
"unequal exposure",60,399,9000060,"ok","","",399,399,0,0,0,1.3771153579256,2,6,0,0.125,0,0,0,0,0,0,0,"tools/simval/studies/item-fit-bootstrap-intervals.R","32d2bfbfbfc0dbc7485be9255020087a","git:86ddf2c+dirty","c0c325bc7d42","2026-09-07","6302a64bcdb25080c037697186a418d8","loo-maxt-2"
"unequal exposure",61,399,9000061,"ok","","",399,399,0,0,0,5.06100654725255,2,6,0,0,0,0,0,0,0,0,0,"tools/simval/studies/item-fit-bootstrap-intervals.R","32d2bfbfbfc0dbc7485be9255020087a","git:86ddf2c+dirty","c0c325bc7d42","2026-09-07","6302a64bcdb25080c037697186a418d8","loo-maxt-2"
"unequal exposure",62,399,9000062,"ok","","",399,399,0,0,0,7.3545665464291,2,6,0,0,0,0,0,0,0,0,0,"tools/simval/studies/item-fit-bootstrap-intervals.R","32d2bfbfbfc0dbc7485be9255020087a","git:86ddf2c+dirty","c0c325bc7d42","2026-09-07","6302a64bcdb25080c037697186a418d8","loo-maxt-2"
"unequal exposure",63,399,9000063,"ok","","",399,399,0,0,0,5.17113181845479,2,6,0,0,0,0,0,0,0,0,0,"tools/simval/studies/item-fit-bootstrap-intervals.R","32d2bfbfbfc0dbc7485be9255020087a","git:86ddf2c+dirty","c0c325bc7d42","2026-09-07","6302a64bcdb25080c037697186a418d8","loo-maxt-2"
"unequal exposure",64,399,9000064,"ok","","",399,399,0,0,0,7.3735125031071,2,7,0,0.125,1,0.125,0,0,0,0.125,0,"tools/simval/studies/item-fit-bootstrap-intervals.R","32d2bfbfbfc0dbc7485be9255020087a","git:86ddf2c+dirty","c0c325bc7d42","2026-09-07","6302a64bcdb25080c037697186a418d8","loo-maxt-2"
"unequal exposure",65,399,9000065,"ok","","",399,399,0,0,0,5.62574978521329,2,7,0,0.125,0,0.25,0,0.125,0,0.25,0,"tools/simval/studies/item-fit-bootstrap-intervals.R","32d2bfbfbfc0dbc7485be9255020087a","git:86ddf2c+dirty","c0c325bc7d42","2026-09-07","6302a64bcdb25080c037697186a418d8","loo-maxt-2"
"unequal exposure",66,399,9000066,"ok","","",399,399,0,0,0,7.10430417892401,2,7,0,0,0,0,0,0,0,0,0,"tools/simval/studies/item-fit-bootstrap-intervals.R","32d2bfbfbfc0dbc7485be9255020087a","git:86ddf2c+dirty","c0c325bc7d42","2026-09-07","6302a64bcdb25080c037697186a418d8","loo-maxt-2"
"unequal exposure",67,399,9000067,"ok","","",399,399,0,0,0,5.68423760705965,2,7,0,0,0,0,0,0,0,0,0,"tools/simval/studies/item-fit-bootstrap-intervals.R","32d2bfbfbfc0dbc7485be9255020087a","git:86ddf2c+dirty","c0c325bc7d42","2026-09-07","6302a64bcdb25080c037697186a418d8","loo-maxt-2"
"unequal exposure",68,399,9000068,"ok","","",399,399,0,0,0,10.4990819765335,2,7,0,0.125,0,0.125,0,0.125,0,0.125,0,"tools/simval/studies/item-fit-bootstrap-intervals.R","32d2bfbfbfc0dbc7485be9255020087a","git:86ddf2c+dirty","c0c325bc7d42","2026-09-07","6302a64bcdb25080c037697186a418d8","loo-maxt-2"
"unequal exposure",69,399,9000069,"ok","","",399,399,0,0,0,3.25826977615825,2,6,0,0,0,0,0,0,0,0,0,"tools/simval/studies/item-fit-bootstrap-intervals.R","32d2bfbfbfc0dbc7485be9255020087a","git:86ddf2c+dirty","c0c325bc7d42","2026-09-07","6302a64bcdb25080c037697186a418d8","loo-maxt-2"
"unequal exposure",70,399,9000070,"ok","","",399,399,0,0,0,6.68884883906835,2,7,0,0,0,0,0,0,0,0,0,"tools/simval/studies/item-fit-bootstrap-intervals.R","32d2bfbfbfc0dbc7485be9255020087a","git:86ddf2c+dirty","c0c325bc7d42","2026-09-07","6302a64bcdb25080c037697186a418d8","loo-maxt-2"
"unequal exposure",71,399,9000071,"ok","","",399,399,0,0,0,4.90444383818277,2,7,0,0,0,0,0,0,0,0,0,"tools/simval/studies/item-fit-bootstrap-intervals.R","32d2bfbfbfc0dbc7485be9255020087a","git:86ddf2c+dirty","c0c325bc7d42","2026-09-07","6302a64bcdb25080c037697186a418d8","loo-maxt-2"
"unequal exposure",72,399,9000072,"ok","","",399,399,0,0,0,8.5983717279684,2,7,0,0,0,0,0,0,0,0,0,"tools/simval/studies/item-fit-bootstrap-intervals.R","32d2bfbfbfc0dbc7485be9255020087a","git:86ddf2c+dirty","c0c325bc7d42","2026-09-07","6302a64bcdb25080c037697186a418d8","loo-maxt-2"
"unequal exposure",73,399,9000073,"ok","","",399,399,0,0,0,4.49279899158197,2,7,0,0,0,0.125,0,0.125,0,0.125,0,"tools/simval/studies/item-fit-bootstrap-intervals.R","32d2bfbfbfc0dbc7485be9255020087a","git:86ddf2c+dirty","c0c325bc7d42","2026-09-07","6302a64bcdb25080c037697186a418d8","loo-maxt-2"
"unequal exposure",74,399,9000074,"ok","","",399,399,0,0,0,7.72283255654808,2,7,1,0,0,0,0,0,0,0,0,"tools/simval/studies/item-fit-bootstrap-intervals.R","32d2bfbfbfc0dbc7485be9255020087a","git:86ddf2c+dirty","c0c325bc7d42","2026-09-07","6302a64bcdb25080c037697186a418d8","loo-maxt-2"
"unequal exposure",75,399,9000075,"ok","","",399,399,0,0,0,10.1638801170546,2,7,0,0.125,0,0.125,0,0.25,0,0.125,0,"tools/simval/studies/item-fit-bootstrap-intervals.R","32d2bfbfbfc0dbc7485be9255020087a","git:86ddf2c+dirty","c0c325bc7d42","2026-09-07","6302a64bcdb25080c037697186a418d8","loo-maxt-2"
"unequal exposure",76,399,9000076,"ok","","",399,399,0,0,0,4.10464579112965,2,7,0,0,0,0,0,0,0,0,0,"tools/simval/studies/item-fit-bootstrap-intervals.R","32d2bfbfbfc0dbc7485be9255020087a","git:86ddf2c+dirty","c0c325bc7d42","2026-09-07","6302a64bcdb25080c037697186a418d8","loo-maxt-2"
"unequal exposure",77,399,9000077,"ok","","",399,399,0,0,0,2.12189067086165,2,6,0,0,0,0,0,0,0,0,0,"tools/simval/studies/item-fit-bootstrap-intervals.R","32d2bfbfbfc0dbc7485be9255020087a","git:86ddf2c+dirty","c0c325bc7d42","2026-09-07","6302a64bcdb25080c037697186a418d8","loo-maxt-2"
"unequal exposure",78,399,9000078,"ok","","",399,399,0,0,0,5.07248561037642,2,6,0,0,0,0,0,0.125,0,0,0,"tools/simval/studies/item-fit-bootstrap-intervals.R","32d2bfbfbfc0dbc7485be9255020087a","git:86ddf2c+dirty","c0c325bc7d42","2026-09-07","6302a64bcdb25080c037697186a418d8","loo-maxt-2"
"unequal exposure",79,399,9000079,"ok","","",399,399,0,0,0,8.47885391682521,2,7,0,0,0,0,0,0,0,0,0,"tools/simval/studies/item-fit-bootstrap-intervals.R","32d2bfbfbfc0dbc7485be9255020087a","git:86ddf2c+dirty","c0c325bc7d42","2026-09-07","6302a64bcdb25080c037697186a418d8","loo-maxt-2"
"unequal exposure",80,399,9000080,"ok","","",399,399,0,0,0,5.11750119026802,2,7,0,0,0,0,0,0,0,0,0,"tools/simval/studies/item-fit-bootstrap-intervals.R","32d2bfbfbfc0dbc7485be9255020087a","git:86ddf2c+dirty","c0c325bc7d42","2026-09-07","6302a64bcdb25080c037697186a418d8","loo-maxt-2"
"unequal exposure",81,399,9000081,"ok","","",399,399,0,0,0,5.55950905634049,2,7,0,0,0,0,0,0,0,0,0,"tools/simval/studies/item-fit-bootstrap-intervals.R","32d2bfbfbfc0dbc7485be9255020087a","git:86ddf2c+dirty","c0c325bc7d42","2026-09-07","6302a64bcdb25080c037697186a418d8","loo-maxt-2"
"unequal exposure",82,399,9000082,"ok","","",399,399,0,0,0,9.7234478194518,2,6,0,0,0,0,0,0,0,0,0,"tools/simval/studies/item-fit-bootstrap-intervals.R","32d2bfbfbfc0dbc7485be9255020087a","git:86ddf2c+dirty","c0c325bc7d42","2026-09-07","6302a64bcdb25080c037697186a418d8","loo-maxt-2"
"unequal exposure",83,399,9000083,"ok","","",399,399,0,0,0,10.6971724713165,2,7,0,0.125,0,0,0,0,0,0,0,"tools/simval/studies/item-fit-bootstrap-intervals.R","32d2bfbfbfc0dbc7485be9255020087a","git:86ddf2c+dirty","c0c325bc7d42","2026-09-07","6302a64bcdb25080c037697186a418d8","loo-maxt-2"
"unequal exposure",84,399,9000084,"ok","","",399,399,0,0,0,3.51178069577395,2,6,0,0,0,0.125,0,0,0,0.125,0,"tools/simval/studies/item-fit-bootstrap-intervals.R","32d2bfbfbfc0dbc7485be9255020087a","git:86ddf2c+dirty","c0c325bc7d42","2026-09-07","6302a64bcdb25080c037697186a418d8","loo-maxt-2"
"unequal exposure",85,399,9000085,"ok","","",399,399,0,0,0,2.64491702244942,2,7,0,0,0,0.125,0,0,0,0.125,0,"tools/simval/studies/item-fit-bootstrap-intervals.R","32d2bfbfbfc0dbc7485be9255020087a","git:86ddf2c+dirty","c0c325bc7d42","2026-09-07","6302a64bcdb25080c037697186a418d8","loo-maxt-2"
"unequal exposure",86,399,9000086,"ok","","",399,399,0,0,0,6.703324430595,2,6,0,0,0,0,0,0,0,0,0,"tools/simval/studies/item-fit-bootstrap-intervals.R","32d2bfbfbfc0dbc7485be9255020087a","git:86ddf2c+dirty","c0c325bc7d42","2026-09-07","6302a64bcdb25080c037697186a418d8","loo-maxt-2"
"unequal exposure",87,399,9000087,"ok","","",399,399,0,0,0,6.0382305815644,2,7,0,0,0,0.125,0,0,0,0.125,0,"tools/simval/studies/item-fit-bootstrap-intervals.R","32d2bfbfbfc0dbc7485be9255020087a","git:86ddf2c+dirty","c0c325bc7d42","2026-09-07","6302a64bcdb25080c037697186a418d8","loo-maxt-2"
"unequal exposure",88,399,9000088,"ok","","",399,399,0,0,0,5.64964704135984,2,7,0,0,0,0.125,0,0.125,0,0.125,0,"tools/simval/studies/item-fit-bootstrap-intervals.R","32d2bfbfbfc0dbc7485be9255020087a","git:86ddf2c+dirty","c0c325bc7d42","2026-09-07","6302a64bcdb25080c037697186a418d8","loo-maxt-2"
"unequal exposure",89,399,9000089,"ok","","",399,399,0,0,0,8.36465315343126,2,6,0,0,0,0,0,0,0,0,0,"tools/simval/studies/item-fit-bootstrap-intervals.R","32d2bfbfbfc0dbc7485be9255020087a","git:86ddf2c+dirty","c0c325bc7d42","2026-09-07","6302a64bcdb25080c037697186a418d8","loo-maxt-2"
"unequal exposure",90,399,9000090,"ok","","",399,399,0,0,0,3.09886838584094,2,6,0,0.25,0,0,0,0,0,0,0,"tools/simval/studies/item-fit-bootstrap-intervals.R","32d2bfbfbfc0dbc7485be9255020087a","git:86ddf2c+dirty","c0c325bc7d42","2026-09-07","6302a64bcdb25080c037697186a418d8","loo-maxt-2"
"unequal exposure",91,399,9000091,"ok","","",399,399,0,0,0,5.57848161048376,2,7,0,0,0,0.125,0,0.125,0,0.125,0,"tools/simval/studies/item-fit-bootstrap-intervals.R","32d2bfbfbfc0dbc7485be9255020087a","git:86ddf2c+dirty","c0c325bc7d42","2026-09-07","6302a64bcdb25080c037697186a418d8","loo-maxt-2"
"unequal exposure",92,399,9000092,"ok","","",399,399,0,0,0,10.9785525248137,2,7,0,0,0,0,0,0,0,0,0,"tools/simval/studies/item-fit-bootstrap-intervals.R","32d2bfbfbfc0dbc7485be9255020087a","git:86ddf2c+dirty","c0c325bc7d42","2026-09-07","6302a64bcdb25080c037697186a418d8","loo-maxt-2"
"unequal exposure",93,399,9000093,"ok","","",399,399,0,0,0,3.00465049204509,2,7,0,0,0,0,0,0,0,0,0,"tools/simval/studies/item-fit-bootstrap-intervals.R","32d2bfbfbfc0dbc7485be9255020087a","git:86ddf2c+dirty","c0c325bc7d42","2026-09-07","6302a64bcdb25080c037697186a418d8","loo-maxt-2"
"unequal exposure",94,399,9000094,"ok","","",399,399,0,0,0,6.63069429714603,2,7,0,0,0,0,0,0,0,0,0,"tools/simval/studies/item-fit-bootstrap-intervals.R","32d2bfbfbfc0dbc7485be9255020087a","git:86ddf2c+dirty","c0c325bc7d42","2026-09-07","6302a64bcdb25080c037697186a418d8","loo-maxt-2"
"unequal exposure",95,399,9000095,"ok","","",399,399,0,0,0,4.30403499163965,2,7,0,0,0,0,0,0,0,0,0,"tools/simval/studies/item-fit-bootstrap-intervals.R","32d2bfbfbfc0dbc7485be9255020087a","git:86ddf2c+dirty","c0c325bc7d42","2026-09-07","6302a64bcdb25080c037697186a418d8","loo-maxt-2"
"unequal exposure",96,399,9000096,"ok","","",399,399,0,0,0,4.12292871421934,2,6,0,0.125,0,0,0,0,0,0,0,"tools/simval/studies/item-fit-bootstrap-intervals.R","32d2bfbfbfc0dbc7485be9255020087a","git:86ddf2c+dirty","c0c325bc7d42","2026-09-07","6302a64bcdb25080c037697186a418d8","loo-maxt-2"
"unequal exposure",97,399,9000097,"ok","","",399,399,0,0,0,5.22815062061533,2,7,0,0,0,0,0,0,0,0,0,"tools/simval/studies/item-fit-bootstrap-intervals.R","32d2bfbfbfc0dbc7485be9255020087a","git:86ddf2c+dirty","c0c325bc7d42","2026-09-07","6302a64bcdb25080c037697186a418d8","loo-maxt-2"
"unequal exposure",98,399,9000098,"ok","","",399,399,0,0,0,8.47974486787118,2,7,0,0,0,0,0,0.125,0,0.125,0,"tools/simval/studies/item-fit-bootstrap-intervals.R","32d2bfbfbfc0dbc7485be9255020087a","git:86ddf2c+dirty","c0c325bc7d42","2026-09-07","6302a64bcdb25080c037697186a418d8","loo-maxt-2"
"unequal exposure",99,399,9000099,"ok","","",399,399,0,0,0,3.7465978746069,2,6,0,0,0,0.125,0,0.125,0,0.125,0,"tools/simval/studies/item-fit-bootstrap-intervals.R","32d2bfbfbfc0dbc7485be9255020087a","git:86ddf2c+dirty","c0c325bc7d42","2026-09-07","6302a64bcdb25080c037697186a418d8","loo-maxt-2"
"unequal exposure",100,399,9000100,"ok","","",399,399,0,0,0,2.51836382133091,2,6,0,0.125,0,0.125,0,0.25,1,0.125,0,"tools/simval/studies/item-fit-bootstrap-intervals.R","32d2bfbfbfc0dbc7485be9255020087a","git:86ddf2c+dirty","c0c325bc7d42","2026-09-07","6302a64bcdb25080c037697186a418d8","loo-maxt-2"
